admin-modules=Admin_Modules:_Action_Logs_-_Latest=admin-modules-action-logs-latest.md
admin-modules=Admin_Modules:_Administrator_Dashboard_Menu=admin-modules-administrator-dashboard-menu.md
admin-modules=Admin_Modules:_Administrator_Menu=admin-modules-administrator-menu.md
admin-modules=Admin_Modules:_Articles_-_Latest=admin-modules-articles-latest.md
admin-modules=Admin_Modules:_Custom=admin-modules-custom.md
admin-modules=Admin_Modules:_Feed_Display=admin-modules-feed-display.md
admin-modules=Admin_Modules:_Frontend_Link=admin-modules-frontend-link.md
admin-modules=Admin_Modules:_Joomla_Version_Information=admin-modules-joomla-version-information.md
admin-modules=Admin_Modules:_Logged-in_Users=admin-modules-logged-in-users.md
admin-modules=Admin_Modules:_Login_Form=admin-modules-login-form.md
admin-modules=Admin_Modules:_Login_Support_Information=admin-modules-login-support-information.md
admin-modules=Admin_Modules:_Messages=admin-modules-messages.md
admin-modules=Admin_Modules:_Multilingual_Status=admin-modules-multilingual-status.md
admin-modules=Admin_Modules:_Popular_Articles=admin-modules-popular-articles.md
admin-modules=Admin_Modules:_Post_Installation_Messages=admin-modules-post-installation-messages.md
admin-modules=Admin_Modules:_Privacy_Dashboard=admin-modules-privacy-dashboard.md
admin-modules=Admin_Modules:_Privacy_Status_Check=admin-modules-privacy-status-check.md
admin-modules=Admin_Modules:_Quick_Icons=admin-modules-quick-icons.md
admin-modules=Admin_Modules:_Sample_Data=admin-modules-sample-data.md
admin-modules=Admin_Modules:_Title=admin-modules-title.md
admin-modules=Admin_Modules:_Toolbar=admin-modules-toolbar.md
admin-modules=Admin_Modules:_Tours_Menu=admin-modules-guided-tours.md
admin-modules=Admin_Modules:_User_Menu=admin-modules-user-menu.md
articles=Articles:_Categories=articles-categories.md
articles=Articles:_Edit=articles-edit.md
articles=Articles:_Featured=articles-featured.md
articles=Articles:_New_or_Edit_Category=articles-new-or-edit-category.md
articles=Articles:_Options=articles-options.md
articles=Articles=articles.md
banners=Banners:_Categories=banners-categories.md
banners=Banners:_Clients=banners-clients.md
banners=Banners:_Edit=banners-edit.md
banners=Banners:_New_or_Edit_Category=banners-new-or-edit-category.md
banners=Banners:_New_or_Edit_Client=banners-new-or-edit-client.md
banners=Banners:_Options=banners-options.md
banners=Banners:_Tracks=banners-tracks.md
banners=Banners=banners.md
cache=Cache:_Options=cache-options.md
cache=Check-in:_Options=check-in-options.md
chunks=Chunks=chunks.md
component=Component:_Field_Groups=component-field-groups.md
component=Component:_Fields=component-fields.md
component=Component:_New_or_Edit_Field=component-new-or-edit-field.md
component=Component:_New_or_Edit_Field_Group=component-new-or-edit-field-group.md
components=Components_Banners_Banners_Edit=components-banners-banners-edit.md
components=Components_Banners_Banners_Options=components-banners-banners-options.md
components=Components_Check-in_Configuration=components-check-in-configuration.md
components=Components_Patch_Tester_Options=components-patch-tester-options.md
components=Components_Plug-in_Manager_Options=components-plug-in-manager-options.md
components=Components_Privacy_Outline=components-privacy-outline.md
components=Components_Redirect_Manager=components-redirect-manager.md
components=Components_Search=components-search.md
components=Components_Search_Manager_Options=components-search-manager-options.md
components=Components_Version_History=components-version-history.md
components=Components_Web_Links_Manager_Options=components-web-links-manager-options.md
components=Components_Weblinks_Categories=components-weblinks-categories.md
components=Components_Weblinks_Categories_Edit=components-weblinks-categories-edit.md
components=Components_Weblinks_Links=components-weblinks-links.md
components=Components_Weblinks_Links_Edit=components-weblinks-links-edit.md
contacts=Contacts:_Categories=contacts-categories.md
contacts=Contacts:_New_or_Edit=contacts-new-or-edit.md
contacts=Contacts:_New_or_Edit_Category=contacts-new-or-edit-category.md
contacts=Contacts:_Options=contacts-options.md
contacts=Contacts=contacts.md
content-security-policy=Content_Security_Policy:_Options=content-security-policy-options.md
content-security-policy=Content_Security_Policy_Reports=content-security-policy-reports.md
editors=Editors=editors.md
editors=TinyMCE=tinymce.md
extensions=Extensions:_Discover=extensions-discover.md
extensions=Extensions:_Install=extensions-install.md
extensions=Extensions:_Languages=extensions-languages.md
extensions=Extensions:_Manage=extensions-manage.md
extensions=Extensions:_Update=extensions-update.md
extensions=Extensions_Extension_Manager_Languages=extensions-extension-manager-languages.md
extensions=Extensions_Module_Manager_Admin_Status_Unused=extensions-module-manager-admin-status-unused.md
extensions=Extensions_Module_Manager_Articles_Categories=extensions-module-manager-articles-categories.md
extensions=Extensions_Module_Manager_Edit=extensions-module-manager-edit.md
extensions=Extensions_Module_Manager_Sample_Data=extensions-module-manager-sample-data.md
extensions=Extensions_Module_Manager_Weblinks=extensions-module-manager-weblinks.md
extensions=Extensions_Modules_Administrator=extensions-modules-administrator.md
fields=Fields:_Edit=fields-edit.md
glossary=Glossary=glossary.md
guided-tours=Guided_Tours:_New_or_Edit_Step=guided-tours-new-or-edit-step.md
guided-tours=Guided_Tours:_New_or_Edit_Tour=guided-tours-new-or-edit-tour.md
guided-tours=Guided_Tours:_Options=guided-tours-options.md
guided-tours=Guided_Tours:_Steps=guided-tours-steps.md
guided-tours=Guided_Tours:_Tours=guided-tours-tours.md
help-screens=Help_screens_styleguide=help-screens-styleguide.md
help-screens=Start_Here=start-here.md
information=Information:_Database=information-database.md
information=Information:_Warnings=information-warnings.md
install-or-update=Installer:_Options=installer-options.md
install-or-update=Joomla_Update:_Options=joomla-update-options.md
install-or-update=Joomla_Update=joomla-update.md
install-or-update=Joomla_Version_4_0_0=joomla-version-4-0-0.md
install-or-update=Joomla_Version_4_0_1=joomla-version-4-0-1.md
install-or-update=Joomla_Version_4_0_2=joomla-version-4-0-2.md
install-or-update=Joomla_Version_4_0_3=joomla-version-4-0-3.md
install-or-update=Joomla_Version_4_0_4=joomla-version-4-0-4.md
install-or-update=Joomla_Version_Additional_Information=joomla-version-additional-information.md
install-or-update=Joomla_Version_Information=joomla-version-information.md
languages=Languages:_Content=languages-content.md
languages=Languages:_Edit_Content_Language=languages-edit-content-language.md
languages=Languages:_Edit_Override=languages-edit-override.md
languages=Languages:_Installed=languages-installed.md
languages=Languages:_Options=languages-options.md
languages=Languages:_Overrides=languages-overrides.md
mail=Mail_Template:_Edit=mail-template-edit.md
mail=Mail_Templates:_Options=mail-templates-options.md
mail=Mail_Templates=mail-templates.md
mail=Maintenance:_Clear_Cache=maintenance-clear-cache.md
mail=Maintenance:_Global_Check-in=maintenance-global-check-in.md
mail=Mass_Mail_Users=mass-mail-users.md
media=Media:_Options=media-options.md
media=Media=media.md
menu-items=Menu_Item:_Alias=menu-item-alias.md
menu-items=Menu_Item:_Article_Archived=menu-item-article-archived.md
menu-items=Menu_Item:_Category_Blog=menu-item-category-blog.md
menu-items=Menu_Item:_Category_List=menu-item-category-list.md
menu-items=Menu_Item:_Compact_List_of_Tagged_Items=menu-item-compact-list-of-tagged-items.md
menu-items=Menu_Item:_Components_Menu_Container=menu-item-components-menu-container.md
menu-items=Menu_Item:_Confirm_Request=menu-item-confirm-request.md
menu-items=Menu_Item:_Create_Article=menu-item-create-article.md
menu-items=Menu_Item:_Create_Contact=menu-item-create-contact.md
menu-items=Menu_Item:_Create_Request=menu-item-create-request.md
menu-items=Menu_Item:_Display_Template_Options=menu-item-display-template-options.md
menu-items=Menu_Item:_Edit_User_Profile=menu-item-edit-user-profile.md
menu-items=Menu_Item:_Extend_Consent=menu-item-extend-consent.md
menu-items=Menu_Item:_Featured_Articles=menu-item-featured-articles.md
menu-items=Menu_Item:_Featured_Contacts=menu-item-featured-contacts.md
menu-items=Menu_Item:_Heading=menu-item-heading.md
menu-items=Menu_Item:_Iframe_Wrapper=menu-item-iframe-wrapper.md
menu-items=Menu_Item:_List_All_Categories=menu-item-list-all-categories.md
menu-items=Menu_Item:_List_All_Contact_Categories=menu-item-list-all-contact-categories.md
menu-items=Menu_Item:_List_All_News_Feed_Categories=menu-item-list-all-news-feed-categories.md
menu-items=Menu_Item:_List_All_Tags=menu-item-list-all-tags.md
menu-items=Menu_Item:_List_Contacts_in_a_Category=menu-item-list-contacts-in-a-category.md
menu-items=Menu_Item:_List_News_Feeds_in_a_Category=menu-item-list-news-feeds-in-a-category.md
menu-items=Menu_Item:_Login_Form=menu-item-login-form.md
menu-items=Menu_Item:_Logout=menu-item-logout.md
menu-items=Menu_Item:_New_Item=menu-item-new-item.md
menu-items=Menu_Item:_Password_Reset=menu-item-password-reset.md
menu-items=Menu_Item:_Registration_Form=menu-item-registration-form.md
menu-items=Menu_Item:_Search=menu-item-search.md
menu-items=Menu_Item:_Separator=menu-item-separator.md
menu-items=Menu_Item:_Single_Article=menu-item-single-article.md
menu-items=Menu_Item:_Single_Contact=menu-item-single-contact.md
menu-items=Menu_Item:_Single_News_Feed=menu-item-single-news-feed.md
menu-items=Menu_Item:_Site_Configuration_Options=menu-item-site-configuration-options.md
menu-items=Menu_Item:_Tagged_Items=menu-item-tagged-items.md
menu-items=Menu_Item:_URL=menu-item-url.md
menu-items=Menu_Item:_User_Profile=menu-item-user-profile.md
menu-items=Menu_Item:_Username_Reminder_Request=menu-item-username-reminder-request.md
menus=Menus:_Edit=menus-edit.md
menus=Menus:_Items=menus-items.md
menus=Menus:_Options=menus-options.md
menus=Menus=menus.md
menus=Menus_Menu_Item_Search_Results=menus-menu-item-search-results.md
menus=Menus_Menu_Item_Weblink_Categories=menus-menu-item-weblink-categories.md
menus=Menus_Menu_Item_Weblink_Category=menus-menu-item-weblink-category.md
menus=Menus_Menu_Item_Weblink_Submit=menus-menu-item-weblink-submit.md
menus=Menus_Menu_Manager_Options=menus-menu-manager-options.md
messages=Messages:_Options=messages-options.md
modules=Module:_Options=module-options.md
modules=Modules=modules.md
multilingual-associations=Multilingual_Associations:_Edit=multilingual-associations-edit.md
multilingual-associations=Multilingual_Associations:_Options=multilingual-associations-options.md
multilingual-associations=Multilingual_Associations=multilingual-associations.md
my-profile=My_Profile=my-profile.md
news-feed=News_Feed:_Options=news-feed-options.md
news-feed=News_Feeds:_Categories=news-feeds-categories.md
news-feed=News_Feeds:_New_or_Edit=news-feeds-new-or-edit.md
news-feed=News_Feeds:_New_or_Edit_Category=news-feeds-new-or-edit-category.md
news-feed=News_Feeds=news-feeds.md
permissions=Permissions_for_Group=permissions-for-group.md
permissions=Permissions_for_User=permissions-for-user.md
plugins=Plugin:_Options=plugin-options.md
plugins=Plugins:_Name_of_Plugin=plugins-name-of-plugin.md
plugins=Plugins=plugins.md
post-install-messages=Post-installation_Messages:_Options=post-installation-messages-options.md
post-install-messages=Post-installation_Messages_for_Joomla_CMS=post-installation-messages-for-joomla-cms.md
privacy=Privacy:_Consents=privacy-consents.md
privacy=Privacy:_Extension_Capabilities=privacy-extension-capabilities.md
privacy=Privacy:_Information_Requests=privacy-information-requests.md
privacy=Privacy:_New_Information_Request=privacy-new-information-request.md
privacy=Privacy:_Options=privacy-options.md
privacy=Privacy:_Review_Information_Request=privacy-review-information-request.md
privacy=Privacy_Dashboard=privacy-dashboard.md
privacy=Private_Messages=private-messages.md
private-messages=Private_Messages:_Read=private-messages-read.md
private-messages=Private_Messages:_Write=private-messages-write.md
redirect=Redirect:_Options=redirect-options.md
redirect=Redirects:_Links=redirects-links.md
redirect=Redirects:_New_or_Edit=redirects-new-or-edit.md
site-modules=Site_Modules:_Articles_-_Archived=site-modules-articles-archived.md
site-modules=Site_Modules:_Articles_-_Categories=site-modules-articles-categories.md
site-modules=Site_Modules:_Articles_-_Category=site-modules-articles-category.md
site-modules=Site_Modules:_Articles_-_Latest=site-modules-articles-latest.md
site-modules=Site_Modules:_Articles_-_Most_Read=site-modules-articles-most-read.md
site-modules=Site_Modules:_Articles_-_Newsflash=site-modules-articles-newsflash.md
site-modules=Site_Modules:_Articles_-_Related=site-modules-articles-related.md
site-modules=Site_Modules:_Banners=site-modules-banners.md
site-modules=Site_Modules:_Breadcrumbs=site-modules-breadcrumbs.md
site-modules=Site_Modules:_Custom=site-modules-custom.md
site-modules=Site_Modules:_Feed_Display=site-modules-feed-display.md
site-modules=Site_Modules:_Footer=site-modules-footer.md
site-modules=Site_Modules:_Language_Switcher=site-modules-language-switcher.md
site-modules=Site_Modules:_Latest_Users=site-modules-latest-users.md
site-modules=Site_Modules:_Login=site-modules-login.md
site-modules=Site_Modules:_Menu=site-modules-menu.md
site-modules=Site_Modules:_Random_Image=site-modules-random-image.md
site-modules=Site_Modules:_Smart_Search=site-modules-smart-search.md
site-modules=Site_Modules:_Statistics=site-modules-statistics.md
site-modules=Site_Modules:_Syndication_Feeds=site-modules-syndication-feeds.md
site-modules=Site_Modules:_Tags_-_Popular=site-modules-tags-popular.md
site-modules=Site_Modules:_Tags_-_Similar=site-modules-tags-similar.md
site-modules=Site_Modules:_Who's_Online=site-modules-whos-online.md
site-modules=Site_Modules:_Wrapper=site-modules-wrapper.md
site=Site_Control_Panel=site-control-panel.md
site=Site_Global_Configuration=site-global-configuration.md
site=Site_Global_Configuration_Logging=site-global-configuration-logging.md
site=Site_Global_Configuration_Permissions=site-global-configuration-permissions.md
site=Site_Global_Configuration_Server=site-global-configuration-server.md
site=Site_Global_Configuration_Site=site-global-configuration-site.md
site=Site_Global_Configuration_System=site-global-configuration-system.md
site=Site_Global_Configuration_Text_Filters=site-global-configuration-text-filters.md
site=Site_System_Information=site-system-information.md
smart-search=Smart_Search:_Content_Maps=smart-search-content-maps.md
smart-search=Smart_Search:_Indexed_Content=smart-search-indexed-content.md
smart-search=Smart_Search:_New_or_Edit_Filter=smart-search-new-or-edit-filter.md
smart-search=Smart_Search:_Options=smart-search-options.md
smart-search=Smart_Search:_Search_Filters=smart-search-search-filters.md
smart-search=Smart_Search:_Search_Term_Analysis=smart-search-search-term-analysis.md
tags=Tags:_New_or_Edit=tags-new-or-edit.md
tags=Tags:_Options=tags-options.md
tags=Tags=tags.md
templates=Template:_Options=template-options.md
templates=Templates:_Customise=templates-customise.md
templates=Templates:_Customise_Source=templates-customise-source.md
templates=Templates:_Edit_Style=templates-edit-style.md
templates=Templates:_Styles=templates-styles.md
templates=Templates:_Templates=templates-templates.md
update-sites=Edit_Update_Site=edit-update-site.md
update-sites=Extensions:_Update_Sites=extensions-update-sites.md
users=User_Actions_Log:_Options=user-actions-log-options.md
users=User_Actions_Log=user-actions-log.md
users=User_Notes:_Categories=user-notes-categories.md
users=User_Notes:_New_or_Edit=user-notes-new-or-edit.md
users=User_Notes:_New_or_Edit_Category=user-notes-new-or-edit-category.md
users=User_Notes=user-notes.md
users=Users:_Edit_Profile=users-edit-profile.md
users=Users:_Edit_Viewing_Access_Level=users-edit-viewing-access-level.md
users=Users:_Groups=users-groups.md
users=Users:_New_or_Edit_Group=users-new-or-edit-group.md
users=Users:_Options=users-options.md
users=Users:_Viewing_Access_Levels=users-viewing-access-levels.md
users=Users=users.md
workflow=Stages_List:_Basic_Workflow=stages-list-basic-workflow.md
workflow=Transitions_List:_Basic_Workflow=transitions-list-basic-workflow.md
workflow=Workflows_List=workflows-list.md
